{"cameraMode":{"drawMode":0,"name":"Shaded","section":"Shading Mode"},"sceneLighting":true,"audioPlay":false,"sceneViewState":{"m_AlwaysRefresh":true,"showFog":true,"showSkybox":true,"showFlares":true,"showImageEffects":false,"showParticleSystems":true,"showVisualEffectGraphs":true,"m_FxEnabled":true},"in2DMode":false,"pivot":{"x":13.511857986450196,"y":0.8644278049468994,"z":8.04526138305664},"rotation":{"x":-0.0008895558421500027,"y":-0.998285710811615,"z":-0.014973540790379048,"w":0.0569399818778038},"size":2.5597286224365236,"orthographic":false}