{"cameraMode":{"drawMode":0,"name":"Shaded","section":"Shading Mode"},"sceneLighting":true,"audioPlay":false,"sceneViewState":{"m_AlwaysRefresh":true,"showFog":true,"showSkybox":true,"showFlares":true,"showImageEffects":false,"showParticleSystems":true,"showVisualEffectGraphs":true,"m_FxEnabled":true},"in2DMode":false,"pivot":{"x":4.241395473480225,"y":0.796688437461853,"z":5.8198676109313969},"rotation":{"x":0.07784250378608704,"y":0.046901073306798938,"z":-0.0035334844142198564,"w":0.9958823919296265},"size":2.7581095695495607,"orthographic":false}