{"cameraMode":{"drawMode":0,"name":"Shaded","section":"Shading Mode"},"sceneLighting":true,"audioPlay":false,"sceneViewState":{"m_AlwaysRefresh":true,"showFog":true,"showSkybox":true,"showFlares":true,"showImageEffects":false,"showParticleSystems":true,"showVisualEffectGraphs":true,"m_FxEnabled":true},"in2DMode":false,"pivot":{"x":4.174347877502441,"y":1.8644177913665772,"z":4.113216876983643},"rotation":{"x":0.10970801115036011,"y":-0.13616135716438294,"z":0.015336565673351288,"w":0.9845017194747925},"size":2.1597635746002199,"orthographic":false}